math score,test preparation course
"47",none
"40",none
"38",none
"40",none
"18",none
"44",none
"40",none
"33",none
"0",none
"39",none
"45",none
"39",none
"41",none
"49",none
"44",none
"30",none
"47",none
"49",none
"42",none
"27",none
"22",none
"49",none
"46",none
"48",none
"45",none
"35",none
"42",none
"34",none
"45",none
"46",none
"44",none
"47",none
"45",none
"37",none
"49",none
"43",none
"41",none
"28",none
"41",none
"47",none
"49",none
"24",none
"46",none
"27",none
"44",none
"46",none
"38",none
"38",none
"48",none
"49",none
"41",none
"47",none
"47",none
"37",none
"26",none
"49",none
"40",none
"36",none
"29",none
"47",none
"40",none
"32",none
"48",none
"48",none
"44",none
"48",none
"30",none
"29",none
"40",none
"37",none
"35",none
"49",none
"41",none
"43",none
"49",none
"49",none
"46",none
"47",none
"37",none
"48",none
"49",none
"35",none
"46",none
"19",none
"48",none
"42",none
"41",none
"45",none
"45",none
"48",none
"39",none
"49",none
"43",none
"44",none
"32",none
"36",none
"46",none
"44",none
"35",none
"48",none
"49",none
"45",none
"48",none
"49",none
"8",none
"40",none
"44",none
