writing score,test preparation course
"44",none
"39",none
"43",none
"28",none
"38",none
"48",none
"42",none
"43",none
"49",none
"10",none
"34",none
"37",none
"48",none
"41",none
"38",none
"22",none
"45",none
"34",none
"36",none
"49",none
"47",none
"48",none
"47",none
"33",none
"47",none
"49",none
"47",none
"45",none
"42",none
"27",none
"39",none
"42",none
"43",none
"41",none
"42",none
"42",none
"46",none
"46",none
"44",none
"43",none
"19",none
"35",none
"43",none
"27",none
"32",none
"41",none
"45",none
"43",none
"41",none
"43",none
"34",none
"42",none
"49",none
"47",none
"48",none
"45",none
"38",none
"46",none
"43",none
"43",none
"47",none
"40",none
"33",none
"46",none
"45",none
"47",none
"15",none
"48",none
"30",none
"38",none
"46",none
"46",none
"44",none
"36",none
"42",none
"41",none
"37",none
"43",none
"44",none
"47",none
"49",none
"43",none
"32",none
"40",none
"36",none
"49",none
"45",none
"46",none
"41",none
"47",none
"44",none
"48",none
"38",none
"27",none
"48",none
"46",none
"23",none
"45",none
