gender,race/ethnicity,parental level of education,lunch,test preparation course,math score,reading score,writing score
female,group B,associate's degree,standard,completed,"90","90","91"
male,group C,bachelor's degree,standard,completed,"96","90","92"
male,group C,bachelor's degree,standard,completed,"94","90","91"
male,group D,some college,standard,completed,"100","97","99"
female,group C,associate's degree,standard,completed,"96","96","99"
male,group B,some college,standard,completed,"91","96","91"
